<?xml version="1.0" encoding="UTF-8" standalone="no"?>
<configuration xmlns="urn:activemq" xmlns:xsi="http://www.w3.org/2001/XMLSchema-instance" xsi:schemaLocation="urn:activemq /schema/artemis-configuration.xsd">
   <core xmlns="urn:activemq:core">
      <security-enabled>false</security-enabled>
      
      <bindings-directory>./data/bindings</bindings-directory>

      <journal-directory>./data/journal</journal-directory>

      <large-messages-directory>./data/largemessages</large-messages-directory>

      <paging-directory>./data/paging</paging-directory>

      <jmx-management-enabled>true</jmx-management-enabled>

      <acceptors>
         <acceptor name="invm">vm://0</acceptor>
      </acceptors>
      
      <address-settings>
         <!--default for catch all-->
         <address-setting match="#">
            <dead-letter-address>DLQ</dead-letter-address>
            <expiry-address>ExpiryQueue</expiry-address>
            <redelivery-delay>0</redelivery-delay>
            <!-- with -1 only the global-max-size is in use for limiting -->
            <max-size-bytes>-1</max-size-bytes>
            <message-counter-history-day-limit>10</message-counter-history-day-limit>
            <address-full-policy>PAGE</address-full-policy>
            <auto-create-queues>true</auto-create-queues>
            <auto-create-addresses>true</auto-create-addresses>
            <auto-create-jms-queues>true</auto-create-jms-queues>
            <auto-create-jms-topics>true</auto-create-jms-topics>
         </address-setting>
      </address-settings>

      <addresses>
         <address name="DLQ">
            <anycast>
               <queue name="DLQ" />
            </anycast>
         </address>
         <address name="ExpiryQueue">
            <anycast>
               <queue name="ExpiryQueue" />
            </anycast>
         </address>
		 <address name="QueueDemo">
		 	<anycast>
		 		<queue name="queue1"></queue>
		 	</anycast>
		 </address>
      </addresses>
   </core>
</configuration>
