<?xml version="1.0" encoding="UTF-8"?>
<configuration scan="true" scanPeriod="120 seconds" debug="false">
    <include resource="org/springframework/boot/logging/logback/base.xml"/>
    <springProperty scope="context" name="LOG_DIR" source="logging.logback.dir"/>
    <appender name="STDOUT" class="ch.qos.logback.core.ConsoleAppender">
        <encoder class="ch.qos.logback.classic.encoder.PatternLayoutEncoder">
            <pattern>
                %d{yyyy-MM-dd HH:mm:ss.SSS} [%thread] %-5level %logger{50}:%line - %msg%n
            </pattern>
        </encoder>
    </appender>
    <appender name="FILE" class="ch.qos.logback.core.rolling.RollingFileAppender">
        <rollingPolicy class="ch.qos.logback.core.rolling.TimeBasedRollingPolicy">
            <FileNamePattern>${LOG_DIR}/out.%d{yyyy-MM-dd}.log</FileNamePattern>
            <MaxHistory>30</MaxHistory>
        </rollingPolicy>
        <encoder class="ch.qos.logback.classic.encoder.PatternLayoutEncoder">
            <pattern>
                %d{yyyy-MM-dd HH:mm:ss.SSS} [%thread] %-5level %logger{50}:%line - %msg%n
            </pattern>
        </encoder>
        <triggeringPolicy class="ch.qos.logback.core.rolling.SizeBasedTriggeringPolicy">
            <MaxFileSize>50MB</MaxFileSize>
        </triggeringPolicy>
    </appender>
    <appender name="ASYNC" class="ch.qos.logback.classic.AsyncAppender">
        <discardingThreshold>0</discardingThreshold>
        <includeCallerData>true</includeCallerData>
        <queueSize>512</queueSize>
        <appender-ref ref="FILE"/>
        <appender-ref ref="STDOUT"/>
    </appender>
    <!-- 各个模块的日志设置 -->
    <logger name="com.pty.gal" level="ERROR" additivity="false">
        <appender-ref ref="ASYNC"/>
    </logger>
    <logger name="com.pty.mad" level="ERROR" additivity="false">
        <appender-ref ref="ASYNC"/>
    </logger>
    <logger name="com.pty.pa" level="ERROR" additivity="false">
        <appender-ref ref="ASYNC"/>
    </logger>
    <logger name="com.pty.pub" level="ERROR" additivity="false">
        <appender-ref ref="ASYNC"/>
    </logger>
    <logger name="com.pty.gip" level="ERROR" additivity="false">
        <appender-ref ref="ASYNC"/>
    </logger>
    <logger name="com.pty.workflow" level="ERROR" additivity="false">
        <appender-ref ref="ASYNC"/>
    </logger>
    <logger name="com.pty.stm" level="ERROR" additivity="false">
        <appender-ref ref="ASYNC"/>
    </logger>
    <logger name="com.pty.pex" level="ERROR" additivity="false">
        <appender-ref ref="ASYNC"/>
    </logger>
    <logger name="com.pty.bud" level="ERROR" additivity="false">
        <appender-ref ref="ASYNC"/>
    </logger>
    <logger name="com.pty.tp" level="ERROR" additivity="false">
        <appender-ref ref="ASYNC"/>
    </logger>
    <logger name="org.activiti.engine" level="ERROR" additivity="false">
        <appender-ref ref="ASYNC"/>
    </logger>
    <logger name="springfox.documentation.spring.web.readers.operation.CachingOperationNameGenerator"
            level="ERROR" additivity="false">
        <appender-ref ref="ASYNC"/>
    </logger>
    <logger name="org.springframework" level="ERROR" additivity="false">
        <appender-ref ref="ASYNC"/>
    </logger>
    <logger name="com.zaxxer.hikari" level="ERROR" additivity="false">
        <appender-ref ref="ASYNC"/>
    </logger>
    <logger name="com.pty.pa.security.auth.TokenServiceImpl" level="ERROR" additivity="false">
        <appender-ref ref="ASYNC"/>
    </logger>
    <logger name="com.pty.ep" level="ERROR" additivity="false">
        <appender-ref ref="FILE"/>
    </logger>
    <logger name="com.pty.pct" level="ERROR" additivity="false">
        <appender-ref ref="ASYNC"/>
    </logger>
    <logger name="com.pty.balance" level="ERROR" additivity="false">
        <appender-ref ref="ASYNC"/>
    </logger>
    <logger name="com.pty.rem" level="ERROR" additivity="false">
        <appender-ref ref="ASYNC"/>
    </logger>
    <logger name="com.pty.zy" level="ERROR" additivity="false">
        <appender-ref ref="ASYNC"/>
    </logger>
    <logger name="com.pty.search" level="ERROR" additivity="false">
        <appender-ref ref="ASYNC"/>
    </logger>
    <logger name="com.pty.launch.PtyApp" level="INFO" additivity="false">
        <appender-ref ref="ASYNC"/>
    </logger>
    <!-- 日志输出级别 -->
    <root level="ERROR">
        <appender-ref ref="ASYNC"/>
    </root>
</configuration>